draw_no,first_prize,second_prize_1,second_prize_2,second_prize_3,city,draw_date,rolling_mean_first_prize_10,rolling_std_first_prize_10,rolling_entropy_first_prize_10,rolling_runs_first_prize_10,rolling_digit_dominance_first_prize_10,rolling_mean_second_prize_1_10,rolling_std_second_prize_1_10,rolling_entropy_second_prize_1_10,rolling_runs_second_prize_1_10,rolling_digit_dominance_second_prize_1_10,rolling_mean_second_prize_2_10,rolling_std_second_prize_2_10,rolling_entropy_second_prize_2_10,rolling_runs_second_prize_2_10,rolling_digit_dominance_second_prize_2_10,rolling_mean_second_prize_3_10,rolling_std_second_prize_3_10,rolling_entropy_second_prize_3_10,rolling_runs_second_prize_3_10,rolling_digit_dominance_second_prize_3_10,rolling_mean,rolling_std,rolling_entropy,rolling_runs,rolling_digit_dominance,first_prize_last_digit,first_prize_prev_last_digit,first_prize_transition_prob,first_prize_transition_surprise,second_prize_1_last_digit,second_prize_1_prev_last_digit,second_prize_1_transition_prob,second_prize_1_transition_surprise,second_prize_2_last_digit,second_prize_2_prev_last_digit,second_prize_2_transition_prob,second_prize_2_transition_surprise,second_prize_3_last_digit,second_prize_3_prev_last_digit,second_prize_3_transition_prob,second_prize_3_transition_surprise,last_digit,prev_last_digit,transition_prob,transition_surprise,expected_surprise,surprise_residual,surprise_zscore,is_anomaly
100,871778,249962,448780,499322,Faisalabad,2024-10-15,871778.0,0.0,0.0,0.0,0.9,249962.0,0.0,0.0,0.0,0.9,448780.0,0.0,0.0,0.0,0.9,499322.0,0.0,0.0,0.0,0.9,871778.0,0.0,0.0,0.0,0.9,8,,,,2,,,,0,,,,2,,,,8,0.0,0.0,0.0,0.0,0.0,0.0,0
99,827399,462355,565416,900097,Quetta,2024-07-15,849588.5,31380.691842277793,0.6931471805599453,2.0,0.8,356158.5,150184.5305765544,0.6931471805599453,2.0,0.8,507098.0,82474.10653047416,0.6931471805599453,2.0,0.8,699709.5,283390.72023003857,0.6931471805599453,2.0,0.8,849588.5,31380.691842277793,0.6931471805599453,2.0,0.8,9,8.0,0.25,1.3862943611198906,5,2.0,0.1111111111111111,2.1972245773362196,6,0.0,0.08333333333333333,2.4849066497880004,7,2.0,0.09090909090909091,2.3978952727983707,9,8.0,0.25,1.3862943611198906,0.6931471805599453,0.0,0.0,0
98,900286,134617,197462,314256,Hyderabad,2024-04-15,866487.6666666666,36730.360906657785,1.0986122886681096,3.0,0.7,282311.3333333333,166246.52984749284,1.0986122886681096,3.0,0.7,403886.0,188040.26152927996,1.0986122886681096,3.0,0.7,571225.0,299466.10889548087,1.0986122886681096,3.0,0.7,866487.6666666666,36730.360906657785,1.0986122886681096,3.0,0.7,6,9.0,0.125,2.0794415416798357,7,5.0,0.23076923076923078,1.466337068793427,2,6.0,0.14285714285714285,1.9459101490553135,6,7.0,0.3333333333333333,1.0986122886681098,6,9.0,0.125,2.0794415416798357,1.155245300933242,0.0,0.0,0
97,59936,87220,826748,892829,Sialkot,2024-01-15,664849.75,404389.42950113077,1.0397207708399179,4.0,1.6,233538.5,167153.90974488153,1.3862943611198906,4.0,0.6,509601.5,261296.43650778453,1.3862943611198906,4.0,0.6,651626.0,292649.81938943116,1.3862943611198906,4.0,0.6,664849.75,404389.42950113077,1.0397207708399179,4.0,1.6,6,6.0,0.1,2.3025850929940455,0,7.0,0.16666666666666666,1.791759469228055,8,2.0,0.4,0.916290731874155,9,6.0,0.15789473684210525,1.845826690498331,6,6.0,0.1,2.3025850929940455,1.442080248948443,0.0,0.0,0
96,593831,513366,827500,894418,Muzaffarabad,2023-10-16,650646.0,351648.74603715,1.3321790402101223,5.0,1.5,289504.0,191353.09798511234,1.6094379124341005,5.0,0.5,573181.2,267242.88963263365,1.3321790402101223,5.0,1.5,700184.4,275721.8320051932,1.6094379124341005,5.0,0.5,650646.0,351648.74603715,1.3321790402101223,5.0,1.5,1,6.0,0.2,1.6094379124341003,6,0.0,0.2857142857142857,1.252762968495368,0,8.0,0.11764705882352941,2.1400661634962708,8,9.0,0.2,1.6094379124341003,1,6.0,0.2,1.6094379124341003,1.4755517816455745,0.0,0.0,0
95,355591,81180,232448,747494,Rawalpindi,2023-07-17,601470.1666666666,336801.1994868288,1.3296613488547582,6.0,1.4,254783.33333333334,191117.64609649908,1.5607104090414066,6.0,1.4,516392.3333333333,276558.9664268123,1.3296613488547582,6.0,1.4,708069.3333333334,247368.25980199373,1.791759469228055,6.0,0.4,601470.1666666666,336801.1994868288,1.3296613488547582,6.0,1.4,1,1.0,0.25,1.3862943611198906,0,6.0,0.09090909090909091,2.3978952727983707,8,0.0,0.16666666666666666,1.791759469228055,4,8.0,0.25,1.3862943611198906,1,1.0,0.25,1.3862943611198906,1.4606755448912938,0.0,0.0,0
94,544692,79943,428117,608818,Peshawar,2023-04-17,593359.0,308204.0619773421,1.549826045878202,7.0,1.3,229806.14285714287,186561.82849074333,1.7478680974667575,7.0,1.3,503781.5714285714,254657.81774102096,1.5498260458782018,7.0,1.3,693890.5714285715,228910.0427139135,1.7478680974667573,7.0,1.3,593359.0,308204.0619773421,1.549826045878202,7.0,1.3,2,1.0,0.125,2.0794415416798357,3,0.0,0.42857142857142855,0.8472978603872037,7,8.0,0.11764705882352941,2.1400661634962708,8,4.0,0.09090909090909091,2.3978952727983707,2,1.0,0.125,2.0794415416798357,1.549070687289657,0.0,0.0,0
93,24128,546784,580518,765113,Karachi,2023-01-16,522205.125,349174.4146364341,1.559581156259877,8.0,1.2,269428.375,205894.38581740155,1.9061547465398494,8.0,1.2,513373.625,237323.1806015571,1.4941751382893083,8.0,2.2,702793.375,213420.24303903154,1.9061547465398496,8.0,1.2,522205.125,349174.4146364341,1.559581156259877,8.0,1.2,8,2.0,0.25,1.3862943611198906,4,3.0,0.2222222222222222,1.5040773967762742,8,7.0,0.125,2.0794415416798357,3,8.0,0.25,1.3862943611198906,8,2.0,0.25,1.3862943611198906,1.5287236465184362,0.0,0.0,0
92,141795,203689,317910,598900,Quetta,2022-10-17,479937.3333333333,350373.4026271115,1.7351264569629226,9.0,1.1,262124.0,193839.16243757348,2.0431918705451206,9.0,1.1,491655.44444444444,231359.28735254562,1.464816384890813,9.0,2.1,691249.6666666666,202617.8421073771,2.04319187054512,9.0,1.1,479937.3333333333,350373.4026271115,1.7351264569629226,9.0,1.1,5,8.0,0.5,0.6931471805599453,9,4.0,0.4444444444444444,0.8109302162163288,0,8.0,0.11764705882352941,2.1400661634962708,0,3.0,0.1,2.3025850929940455,5,8.0,0.5,0.6931471805599453,1.4358818169674927,0.0,0.0,0
91,722561,321896,828159,873486,Lahore,2022-07-15,504199.7,339128.259809389,1.6957425341696344,10.0,2.0,268101.2,183728.17782486288,2.0253262207700677,10.0,1.0,525305.8,242699.66290449508,1.6434177197931796,10.0,2.0,709473.3,199533.0639796879,2.0253262207700673,10.0,1.0,504199.7,339128.259809389,1.6957425341696344,10.0,2.0,1,5.0,0.06666666666666667,2.70805020110221,6,9.0,0.3,1.2039728043259361,9,0.0,0.16666666666666666,1.791759469228055,6,0.0,0.4,0.916290731874155,1,5.0,0.06666666666666667,2.70805020110221,1.5630986553809645,1.1449515457212456,1.4403465160979259,0
90,394635,207865,529894,829039,Karachi,2022-04-15,456485.4,314323.9415391566,1.6957425341696344,10.0,2.0,263891.5,184669.8385451121,1.8866967846580782,10.0,1.0,533417.2,241208.77144074911,1.8343719702816235,10.0,2.0,742445.0,187848.06221636798,1.8866967846580787,10.0,1.0,456485.4,314323.9415391566,1.6957425341696344,10.0,2.0,5,1.0,0.25,1.3862943611198906,5,6.0,0.36363636363636365,1.0116009116784799,4,9.0,0.125,2.0794415416798357,9,6.0,0.15789473684210525,1.845826690498331,5,1.0,0.25,1.3862943611198906,1.7017280914929536,-0.315433730373063,-0.5389606649360744,0
89,4208,511294,549996,983274,Peshawar,2022-01-17,374166.3,314184.9185962694,1.5571130980576455,10.0,2.0,268785.4,191051.84782508065,1.8866967846580782,10.0,1.0,531875.2,241030.70310361337,1.8343719702816235,10.0,2.0,750762.7,197212.4244198795,1.7480673485460896,10.0,1.0,374166.3,314184.9185962694,1.5571130980576455,10.0,2.0,8,5.0,0.06666666666666667,2.70805020110221,4,5.0,0.15384615384615385,1.8718021769015913,6,4.0,0.2,1.6094379124341003,4,9.0,0.1,2.3025850929940455,8,5.0,0.06666666666666667,2.70805020110221,1.8339036754911853,0.8741465256110248,1.341532632114184,0
88,69845,172166,321134,828622,Rawalpindi,2021-10-15,291122.2,265676.44421940506,1.5047882836811908,10.0,2.0,272540.3,188473.52692799532,1.6957425341696344,10.0,2.0,544242.4,224576.73453073646,1.6957425341696346,10.0,2.0,802199.3,124320.99865808857,1.8866967846580787,10.0,1.0,291122.2,265676.44421940506,1.5047882836811908,10.0,2.0,5,8.0,0.5,0.6931471805599453,6,4.0,0.1111111111111111,2.1972245773362196,4,6.0,0.14285714285714285,1.9459101490553135,2,4.0,0.36363636363636365,1.0116009116784799,5,8.0,0.5,0.6931471805599453,1.6952742393791964,-1.002127058819251,-1.3623028683486813,0
87,331809,232705,842723,908062,Lahore,2021-07-15,318309.5,252998.16005666042,1.504788283681191,10.0,2.0,287088.8,177897.3118857555,1.6957425341696348,10.0,2.0,545839.9,226854.85367297937,1.8866967846580782,10.0,1.0,803722.6,125641.18250283675,1.8866967846580782,10.0,1.0,318309.5,252998.16005666042,1.504788283681191,10.0,2.0,9,5.0,0.13333333333333333,2.0149030205422647,5,6.0,0.36363636363636365,1.0116009116784799,3,4.0,0.2,1.6094379124341003,2,2.0,0.09090909090909091,2.3978952727983707,9,5.0,0.13333333333333333,2.0149030205422647,1.6665060321340182,0.3483969884082465,0.4875776724485438,0
86,38012,831,314705,417508,Quetta,2021-04-15,262727.6,246719.30438284628,1.5571130980576458,10.0,2.0,235835.3,179288.7262936828,1.8866967846580782,10.0,1.0,494560.4,213688.0334034225,2.0253262207700677,10.0,1.0,756031.6,170053.29475994027,1.8866967846580782,10.0,1.0,262727.6,246719.30438284628,1.5571130980576458,10.0,2.0,2,9.0,0.125,2.0794415416798357,1,5.0,0.23076923076923078,1.466337068793427,5,3.0,0.2,1.6094379124341003,8,2.0,0.09090909090909091,2.3978952727983707,2,9.0,0.125,2.0794415416798357,1.713506395058592,0.3659351466212437,0.504219551333574,0
85,217739,194668,871860,953604,Hyderabad,2021-01-15,248942.4,244797.82635118856,1.5571130980576458,10.0,2.0,247184.1,171848.95129182487,1.8866967846580782,10.0,1.0,558501.6,222043.66135474847,2.0253262207700677,10.0,1.0,776642.6,181039.26429442505,1.8866967846580782,10.0,1.0,248942.4,244797.82635118856,1.5571130980576458,10.0,2.0,9,2.0,0.125,2.0794415416798357,8,1.0,0.2222222222222222,1.5040773967762742,0,5.0,0.14285714285714285,1.9459101490553135,4,8.0,0.25,1.3862943611198906,9,2.0,0.125,2.0794415416798357,1.7828211131145864,0.2966204285652494,0.40962847014928755,0
84,854741,44848,168263,728072,Lahore,2020-10-15,279947.3,299860.12696627964,1.5571130980576458,10.0,2.0,243674.6,175953.1833163457,1.7480673485460891,10.0,1.0,532516.2,252160.46452200937,1.8866967846580782,10.0,1.0,788568.0,172481.4940520996,1.8343719702816235,10.0,2.0,279947.3,299860.12696627964,1.5571130980576458,10.0,2.0,1,9.0,0.125,2.0794415416798357,8,8.0,0.4,0.916290731874155,3,0.0,0.16666666666666666,1.791759469228055,2,4.0,0.36363636363636365,1.0116009116784799,1,9.0,0.125,2.0794415416798357,1.7828211131145864,0.2966204285652494,0.40962847014928755,0
83,308857,394067,603610,930253,Muzaffarabad,2020-07-15,308420.2,286071.0979722815,1.6957425341696346,10.0,2.0,228402.9,151674.36679094238,1.8866967846580782,10.0,1.0,534825.4,252753.9274033585,1.6957425341696346,10.0,2.0,805082.0,177809.5649077031,1.8343719702816235,10.0,2.0,308420.2,286071.0979722815,1.6957425341696346,10.0,2.0,7,1.0,0.25,1.3862943611198906,7,8.0,0.1,2.3025850929940455,0,3.0,0.2,1.6094379124341003,3,2.0,0.18181818181818182,1.7047480922384253,7,1.0,0.25,1.3862943611198906,1.7828211131145864,-0.3965267519946958,-0.5475976404542304,0
82,253534,48813,266370,662748,Hyderabad,2020-04-15,319594.1,280976.4788730149,1.8866967846580784,10.0,1.0,212915.3,162031.93089432846,1.8866967846580784,10.0,1.0,529671.4,258136.7648343714,1.6957425341696346,10.0,2.0,811466.8,170582.8134092712,1.6957425341696344,10.0,2.0,319594.1,280976.4788730149,1.8866967846580784,10.0,1.0,4,7.0,0.1,2.3025850929940455,3,7.0,0.08333333333333333,2.4849066497880004,0,0.0,0.08333333333333333,2.4849066497880004,8,3.0,0.1,2.3025850929940455,4,7.0,0.1,2.3025850929940455,1.9437649043579968,0.3588201886360487,0.5718987334912942,0
81,958892,515888,558129,943879,Karachi,2020-01-15,343227.2,325109.260849607,1.8866967846580784,10.0,1.0,232314.5,186321.55419849962,1.8343719702816237,10.0,2.0,502668.4,236674.80544371894,1.6957425341696346,10.0,2.0,818506.1,174826.1225621046,1.5571130980576458,10.0,2.0,343227.2,325109.260849607,1.8866967846580784,10.0,1.0,2,4.0,0.15384615384615385,1.8718021769015913,8,3.0,0.2222222222222222,1.5040773967762742,9,0.0,0.16666666666666666,1.791759469228055,9,8.0,0.125,2.0794415416798357,2,4.0,0.15384615384615385,1.8718021769015913,1.8601401019379344,0.011662074963656899,0.020565876017258653,0
80,378562,296432,512602,813469,Rawalpindi,2019-10-15,341619.9,324866.5085622606,1.8343719702816237,10.0,2.0,241171.2,187133.4516201977,1.9730014063936128,10.0,2.0,500939.2,236516.904158291,1.8343719702816235,10.0,2.0,816949.1,174791.22342411822,1.5571130980576458,10.0,2.0,341619.9,324866.5085622606,1.8343719702816237,10.0,2.0,2,2.0,0.125,2.0794415416798357,2,8.0,0.2,1.6094379124341003,2,9.0,0.125,2.0794415416798357,9,9.0,0.1,2.3025850929940455,2,2.0,0.125,2.0794415416798357,1.9294548199939292,0.14998672168590654,0.2753955891216703,0
79,161158,204877,262276,619632,Karachi,2019-07-15,357314.9,310215.0888781131,1.8343719702816237,10.0,2.0,210529.5,161290.68393655663,1.8343719702816237,10.0,2.0,472167.2,247147.61381759954,1.8343719702816235,10.0,2.0,780584.9,174169.22207085468,1.4708084763221114,10.0,3.0,357314.9,310215.0888781131,1.8343719702816237,10.0,2.0,8,2.0,0.25,1.3862943611198906,7,2.0,0.2222222222222222,1.5040773967762742,6,2.0,0.2,1.6094379124341003,2,9.0,0.1,2.3025850929940455,8,2.0,0.25,1.3862943611198906,1.7972792359956968,-0.41098487487580626,-0.8343669476428306,0
78,682299,3875,663603,983623,Lahore,2019-04-15,418560.3,307601.1746734001,1.6434177197931799,10.0,2.0,193700.4,174016.0595055014,1.6957425341696346,10.0,2.0,506414.1,247621.04190900252,1.6434177197931799,10.0,2.0,796085.0,185450.9930251117,1.5571130980576458,10.0,2.0,418560.3,307601.1746734001,1.6434177197931799,10.0,2.0,9,8.0,0.25,1.3862943611198906,5,7.0,0.16666666666666666,1.791759469228055,3,6.0,0.07142857142857142,2.639057329615259,3,2.0,0.18181818181818182,1.7047480922384253,9,8.0,0.25,1.3862943611198906,1.8665939540516916,-0.480299592931801,-1.3830582571093177,0
77,479780,121611,223172,553151,Peshawar,2019-01-15,433357.4,306521.49931419536,1.8343719702816237,10.0,2.0,182591.0,174793.73106607678,1.6957425341696346,10.0,2.0,444459.0,231080.47910197862,1.6957425341696348,10.0,2.0,760593.9,195337.46735127683,1.7480673485460896,10.0,1.0,433357.4,306521.49931419536,1.8343719702816237,10.0,2.0,0,9.0,0.125,2.0794415416798357,1,5.0,0.23076923076923078,1.466337068793427,2,3.0,0.1,2.3025850929940455,1,3.0,0.3,1.2039728043259361,0,9.0,0.125,2.0794415416798357,1.8730478061654487,0.206393735514387,0.5881560081330781,0
76,963916,96651,678838,835627,Lahore,2018-10-15,525947.8,313592.70946875605,2.0253262207700673,10.0,1.0,192173.0,166134.6423637566,1.6957425341696346,10.0,2.0,480872.3,236976.7502318646,1.6957425341696346,10.0,2.0,802405.8,154146.47322220664,1.8866967846580784,10.0,1.0,525947.8,313592.70946875605,2.0253262207700673,10.0,1.0,6,0.0,0.4,0.916290731874155,1,1.0,0.1111111111111111,2.1972245773362196,8,2.0,0.4,0.916290731874155,7,1.0,0.25,1.3862943611198906,6,0.0,0.4,0.916290731874155,1.7567327251848806,-0.8404419933107256,-1.855835501777846,0
75,374125,6662,554796,958183,Faisalabad,2018-07-16,541586.4,300125.0344977352,2.1639556568820564,10.0,1.0,173372.4,176156.4818980871,1.7480673485460896,10.0,1.0,449165.9,196627.73490784274,1.7480673485460894,10.0,1.0,802863.7,154651.49368610856,1.6957425341696346,10.0,2.0,541586.4,300125.0344977352,2.1639556568820564,10.0,1.0,5,6.0,0.2,1.6094379124341003,2,1.0,0.2222222222222222,1.5040773967762742,6,8.0,0.11764705882352941,2.1400661634962708,3,7.0,0.16666666666666666,1.791759469228055,5,6.0,0.2,1.6094379124341003,1.7097323622603071,-0.10029444982620683,-0.22801780364599591,0
74,82423,180469,384302,611891,Rawalpindi,2018-04-16,464354.6,309801.5569282304,2.1639556568820564,10.0,1.0,186934.5,170284.88867662652,1.8866967846580784,10.0,1.0,470769.8,172754.09516213756,1.6957425341696346,10.0,2.0,791245.6,164917.7342981781,1.6957425341696346,10.0,2.0,464354.6,309801.5569282304,2.1639556568820564,10.0,1.0,3,5.0,0.06666666666666667,2.70805020110221,9,2.0,0.1111111111111111,2.1972245773362196,2,6.0,0.14285714285714285,1.9459101490553135,1,3.0,0.3,1.2039728043259361,3,5.0,0.06666666666666667,2.70805020110221,1.7725932282025447,0.9354569728996653,1.753406793593531,0
73,156055,177661,786994,953433,Lahore,2018-01-15,449074.4,321856.996663356,2.0253262207700673,10.0,1.0,165293.9,154009.90565793696,1.8343719702816235,10.0,2.0,489108.2,196520.8649769507,1.8343719702816235,10.0,2.0,793563.6,167235.26209717596,1.6957425341696346,10.0,2.0,449074.4,321856.996663356,2.0253262207700673,10.0,1.0,5,3.0,0.2222222222222222,1.5040773967762742,1,9.0,0.2,1.6094379124341003,4,2.0,0.2,1.6094379124341003,3,1.0,0.25,1.3862943611198906,5,3.0,0.2222222222222222,1.5040773967762742,1.7843715317681828,-0.2802941349919086,-0.5336203527425404,0
72,960247,24343,323583,883704,Hyderabad,2017-10-16,519745.7,350467.0517454134,2.0253262207700673,10.0,1.0,162846.9,156244.4443182611,1.8343719702816235,10.0,2.0,494829.5,190041.81022445793,1.6957425341696346,10.0,2.0,815659.2,162562.50459903458,1.6957425341696346,10.0,2.0,519745.7,350467.0517454134,2.0253262207700673,10.0,1.0,7,5.0,0.3333333333333333,1.0986122886681098,3,1.0,0.2222222222222222,1.5040773967762742,3,4.0,0.2,1.6094379124341003,4,3.0,0.1,2.3025850929940455,7,5.0,0.3333333333333333,1.0986122886681098,1.6639742513355895,-0.5653619626674797,-1.0642333021064143,0
71,624455,590977,630169,838033,Lahore,2017-07-17,486302.0,318394.2600051424,1.9730014063936125,10.0,2.0,170355.8,175690.53154389895,1.6957425341696344,10.0,2.0,502033.5,194031.49346333218,1.6957425341696346,10.0,2.0,805074.6,156623.7683666748,1.6094379124341005,10.0,3.0,486302.0,318394.2600051424,1.9730014063936125,10.0,2.0,5,7.0,0.2,1.6094379124341003,7,3.0,0.1111111111111111,2.1972245773362196,9,3.0,0.2,1.6094379124341003,3,4.0,0.18181818181818182,1.7047480922384253,5,7.0,0.2,1.6094379124341003,1.6377378248888401,-0.02829991245473984,-0.05377247697579071,0
70,58047,130872,158358,623603,Peshawar,2017-04-17,454250.5,345429.7796691504,1.8343719702816235,10.0,2.0,153799.8,170204.84937718752,1.6957425341696344,10.0,2.0,466609.1,222182.67235540415,1.7480673485460891,10.0,1.0,786088.0,166678.53598269142,1.3592367006650066,10.0,4.0,454250.5,345429.7796691504,1.8343719702816235,10.0,2.0,7,5.0,0.3333333333333333,1.0986122886681098,2,7.0,0.08333333333333333,2.4849066497880004,8,9.0,0.375,0.9808292530117262,3,3.0,0.1,2.3025850929940455,7,5.0,0.3333333333333333,1.0986122886681098,1.5396548995876675,-0.44104261091955776,-0.8381311696299981,0
69,494769,117001,657258,902389,Faisalabad,2017-01-16,487611.6,329731.2878178904,1.6957425341696346,10.0,2.0,145012.2,169541.9544759087,1.6094379124341,10.0,3.0,506107.3,216866.61756790613,1.6957425341696344,10.0,2.0,814363.7,159115.18531348437,1.3592367006650063,10.0,4.0,487611.6,329731.2878178904,1.6957425341696346,10.0,2.0,9,7.0,0.3,1.2039728043259361,1,2.0,0.1111111111111111,2.1972245773362196,8,8.0,0.11764705882352941,2.1400661634962708,9,3.0,0.1,2.3025850929940455,9,7.0,0.3,1.2039728043259361,1.5214227439082721,-0.317449939582336,-0.593134722817706,0
68,381865,588975,626365,643557,Quetta,2016-10-17,457568.2,323652.35127140844,1.6094379124341,10.0,3.0,203522.2,211252.69926154523,1.6094379124341,10.0,3.0,502383.5,214164.6615637655,1.8343719702816235,10.0,2.0,780357.1,155213.29749337424,1.470808476322111,10.0,3.0,457568.2,323652.35127140844,1.6094379124341,10.0,3.0,5,9.0,0.125,2.0794415416798357,5,1.0,0.1111111111111111,2.1972245773362196,5,8.0,0.23529411764705882,1.4469189829363254,7,9.0,0.2,1.6094379124341003,5,9.0,0.125,2.0794415416798357,1.5907374619642667,0.48870407971556906,0.8725776324936801,0
67,370297,32890,166996,757992,Muzaffarabad,2016-07-18,446619.9,324667.6669924528,1.4184836619456564,10.0,3.0,194650.1,216863.5228573491,1.8343719702816235,10.0,2.0,496765.9,222862.35400426472,1.8343719702816235,10.0,2.0,800841.2,133957.75111811282,1.6094379124341003,10.0,3.0,446619.9,324667.6669924528,1.4184836619456564,10.0,3.0,7,5.0,0.3333333333333333,1.0986122886681098,0,5.0,0.07692307692307693,2.5649493574615367,6,5.0,0.14285714285714285,1.9459101490553135,2,7.0,0.16666666666666666,1.791759469228055,7,5.0,0.3333333333333333,1.0986122886681098,1.4926545366630941,-0.39404224799498433,-0.715422494480903,0
66,326499,140244,295557,945590,Karachi,2016-04-15,382878.2,269750.003246957,1.2798542258336676,10.0,3.0,199009.4,215105.72415194655,2.0253262207700673,10.0,1.0,458437.8,221021.1148373737,2.0253262207700677,10.0,1.0,811837.5,141435.1397655478,1.7480673485460896,10.0,3.0,382878.2,269750.003246957,1.2798542258336676,10.0,3.0,9,7.0,0.3,1.2039728043259361,4,0.0,0.14285714285714285,1.9459101490553135,7,6.0,0.07142857142857142,2.639057329615259,0,2.0,0.18181818181818182,1.7047480922384253,9,7.0,0.3,1.2039728043259361,1.5214227439082721,-0.317449939582336,-0.6055834636814611,0
65,805734,657119,796232,916826,Rawalpindi,2016-01-15,426039.1,300922.1668399581,1.5047882836811908,10.0,2.0,264055.1,246529.62533422493,2.0253262207700677,10.0,1.0,482581.4,244641.20745659797,2.0253262207700673,10.0,1.0,807701.8,137222.29672307483,1.9730014063936125,10.0,2.0,426039.1,300922.1668399581,1.5047882836811908,10.0,2.0,4,9.0,0.125,2.0794415416798357,9,4.0,0.4444444444444444,0.8109302162163288,2,7.0,0.125,2.0794415416798357,6,0.0,0.4,0.916290731874155,4,9.0,0.125,2.0794415416798357,1.5684231068328458,0.5110184348469899,0.9236837037369198,0
64,982732,27902,550367,838001,Hyderabad,2015-10-15,516070.0,320722.56713794806,1.5047882836811908,10.0,2.0,248798.4,256784.75358954712,2.0253262207700673,10.0,1.0,499187.9,242858.48008731796,2.0253262207700677,10.0,1.0,830312.8,118758.96568521582,1.9730014063936125,10.0,2.0,516070.0,320722.56713794806,1.5047882836811908,10.0,2.0,2,4.0,0.15384615384615385,1.8718021769015913,2,9.0,0.1,2.3025850929940455,7,2.0,0.2,1.6094379124341003,1,6.0,0.21052631578947367,1.55814461804655,2,4.0,0.15384615384615385,1.8718021769015913,1.484798304412784,0.3870038724888074,0.9549831699463638,0
63,760833,274397,754236,910787,Quetta,2015-07-15,576547.8,301752.1368164424,1.6957425341696346,10.0,2.0,258472.0,255626.6071088845,2.0253262207700677,10.0,1.0,495912.1,238730.91444667245,1.8866967846580787,10.0,1.0,826048.2,114537.17128881998,2.0253262207700677,10.0,1.0,576547.8,301752.1368164424,1.6957425341696346,10.0,2.0,3,2.0,0.125,2.0794415416798357,7,2.0,0.2222222222222222,1.5040773967762742,6,7.0,0.25,1.3862943611198906,7,1.0,0.25,1.3862943611198906,3,2.0,0.125,2.0794415416798357,1.54233471890314,0.5371068227766957,1.201625288879924,0
62,911372,294285,417878,758637,Lahore,2015-04-15,571660.3,295170.84712305944,1.7480673485460896,10.0,1.0,285466.2,242047.7396322194,1.8866967846580784,10.0,1.0,505341.6,232960.39075974553,1.6957425341696348,10.0,2.0,813541.5,114370.14743780163,1.8343719702816237,10.0,2.0,571660.3,295170.84712305944,1.7480673485460896,10.0,1.0,2,3.0,0.1111111111111111,2.1972245773362196,5,7.0,0.16666666666666666,1.791759469228055,8,6.0,0.21428571428571427,1.540445040947149,7,7.0,0.16666666666666666,1.791759469228055,2,3.0,0.1111111111111111,2.1972245773362196,1.652195947769951,0.5450286295662685,1.1832784148074558,0
61,163360,547025,835893,948710,Rawalpindi,2015-01-15,525550.8,320900.3749264803,1.8866967846580784,10.0,1.0,281071.0,236212.46402809108,1.8343719702816235,10.0,2.0,525914.0,253395.82667790283,1.6957425341696346,10.0,2.0,824609.2,122097.65017831717,1.8343719702816237,10.0,2.0,525550.8,320900.3749264803,1.8866967846580784,10.0,1.0,0,2.0,0.25,1.3862943611198906,5,5.0,0.23076923076923078,1.466337068793427,3,8.0,0.058823529411764705,2.833213344056216,0,7.0,0.16666666666666666,1.791759469228055,0,2.0,0.25,1.3862943611198906,1.6298815926385302,-0.2435872315186396,-0.5202051456515452,0
60,409087,153627,695616,987816,Peshawar,2014-10-15,560654.8,280767.70967941155,1.8866967846580784,10.0,1.0,283346.5,234709.609705388,1.8343719702816235,10.0,2.0,579639.8,221791.12912117213,1.6957425341696346,10.0,2.0,861030.5,109106.66636242856,1.6957425341696346,10.0,2.0,560654.8,280767.70967941155,1.8866967846580784,10.0,1.0,7,0.0,0.1,2.3025850929940455,7,5.0,0.23076923076923078,1.466337068793427,6,3.0,0.2,1.6094379124341003,6,0.0,0.4,0.916290731874155,7,0.0,0.1,2.3025850929940455,1.7502788730711238,0.5523062199229216,1.172008345614363,0
59,795153,107586,227008,796010,Muzaffarabad,2014-07-15,590693.2,288886.7470525817,1.8866967846580784,10.0,1.0,282405.0,235468.67490649837,1.8343719702816235,10.0,2.0,536614.8,245523.21450811936,1.6957425341696346,10.0,2.0,850392.6,109809.87232302965,1.5047882836811908,10.0,2.0,590693.2,288886.7470525817,1.8866967846580784,10.0,1.0,3,7.0,0.1,2.3025850929940455,6,7.0,0.16666666666666666,1.791759469228055,8,6.0,0.21428571428571427,1.540445040947149,0,6.0,0.15789473684210525,1.845826690498331,3,7.0,0.1,2.3025850929940455,1.8601401019379344,0.442444991056111,0.9668849915148275,0
58,852954,155479,424358,829364,Karachi,2014-04-15,637802.1,289459.07388953795,1.7480673485460896,10.0,1.0,239055.4,211434.9487915583,1.8866967846580784,10.0,1.0,516414.1,245628.59218812906,1.5047882836811908,10.0,2.0,868973.3,83488.31255670909,1.6957425341696346,10.0,2.0,637802.1,289459.07388953795,1.7480673485460896,10.0,1.0,4,3.0,0.1111111111111111,2.1972245773362196,9,6.0,0.09090909090909091,2.3978952727983707,8,8.0,0.11764705882352941,2.1400661634962708,4,0.0,0.2,1.6094379124341003,4,3.0,0.1111111111111111,2.1972245773362196,1.8719184055035734,0.3253061718326462,0.6991007017691625,0
57,705840,439991,539415,759412,Rawalpindi,2014-01-15,671356.4,274041.81877516455,1.7480673485460891,10.0,1.0,279765.5,206462.38799368654,1.8866967846580784,10.0,1.0,553656.0,212803.27100138494,1.6957425341696346,10.0,2.0,869115.3,83279.52454108375,1.6957425341696346,10.0,2.0,671356.4,274041.81877516455,1.7480673485460891,10.0,1.0,0,4.0,0.23076923076923078,1.466337068793427,1,9.0,0.2,1.6094379124341003,5,8.0,0.23529411764705882,1.4469189829363254,2,4.0,0.36363636363636365,1.0116009116784799,0,4.0,0.23076923076923078,1.466337068793427,1.9086908835161047,-0.44235381472267776,-1.0829335499394244,0
56,623756,216582,742338,797836,Karachi,2013-10-21,701082.1,247294.9802426471,1.7480673485460894,10.0,1.0,287399.3,202095.58123436433,1.7480673485460896,10.0,1.0,598334.1,199050.961220962,1.6094379124341005,10.0,3.0,854339.9,81287.24601812502,1.6957425341696346,10.0,2.0,701082.1,247294.9802426471,1.7480673485460894,10.0,1.0,6,0.0,0.4,0.916290731874155,2,1.0,0.2222222222222222,1.5040773967762742,8,5.0,0.2857142857142857,1.252762968495368,6,2.0,0.18181818181818182,1.7047480922384253,6,0.0,0.4,0.916290731874155,1.8799226762709267,-0.9636319443967717,-2.053620921348506,1
55,157831,342353,712325,841308,Rawalpindi,2013-07-15,636291.8,296757.50912816956,1.8866967846580784,10.0,1.0,255922.7,157763.22085472124,1.8866967846580784,10.0,1.0,589943.4,191403.551128209,1.4708084763221114,10.0,3.0,846788.1,78289.75254278925,1.8866967846580784,10.0,1.0,636291.8,296757.50912816956,1.8866967846580784,10.0,1.0,1,6.0,0.2,1.6094379124341003,3,2.0,0.3333333333333333,1.0986122886681098,5,8.0,0.23529411764705882,1.4469189829363254,8,6.0,0.05263157894736842,2.9444389791664407,1,6.0,0.2,1.6094379124341003,1.8329223133463532,-0.22348440091225297,-0.47492552136900806,0
54,126541,187189,369088,528635,Multan,2013-04-15,550672.7,308959.5327856422,1.8866967846580784,10.0,1.0,271851.4,139122.94791953705,1.8866967846580787,10.0,1.0,571815.5,203754.3409622098,1.2206072645530175,10.0,4.0,815851.5,127687.560473255,1.8866967846580782,10.0,1.0,550672.7,308959.5327856422,1.8866967846580784,10.0,1.0,1,1.0,0.25,1.3862943611198906,9,3.0,0.2222222222222222,1.5040773967762742,8,5.0,0.2857142857142857,1.252762968495368,5,8.0,0.125,2.0794415416798357,1,1.0,0.25,1.3862943611198906,1.784371531768183,-0.3980771706482924,-0.8112029311038419,0
53,714654,86708,586854,862565,Peshawar,2013-01-15,546054.8,305798.26341008267,1.8866967846580784,10.0,1.0,253082.5,150903.07196361362,2.0253262207700673,10.0,1.0,555077.3,193732.26869921395,1.3592367006650063,10.0,4.0,811029.3,124576.56444938248,1.8866967846580782,10.0,1.0,546054.8,305798.26341008267,1.8866967846580784,10.0,1.0,4,1.0,0.125,2.0794415416798357,8,9.0,0.2,1.6094379124341003,4,8.0,0.17647058823529413,1.7346010553881064,5,5.0,0.16666666666666666,1.791759469228055,4,1.0,0.125,2.0794415416798357,1.784371531768183,0.2950700099116528,0.6012946096139039,0
52,917655,146328,147071,424796,Faisalabad,2012-10-15,546683.1,306637.55397263775,1.8866967846580787,10.0,1.0,238286.8,153642.9425040047,2.0253262207700677,10.0,1.0,527996.6,230482.96567869047,1.6094379124341005,10.0,3.0,777645.2,174788.796771545,1.6957425341696344,10.0,2.0,546683.1,306637.55397263775,1.8866967846580787,10.0,1.0,5,4.0,0.07692307692307693,2.5649493574615367,8,8.0,0.4,0.916290731874155,1,4.0,0.2,1.6094379124341003,6,5.0,0.5,0.6931471805599453,5,4.0,0.07692307692307693,2.5649493574615367,1.8211440097807146,0.7438053476808222,1.3858318380369548,0
51,419572,187426,190480,728060,Rawalpindi,2012-07-16,572304.3,280653.1032771993,2.0253262207700677,10.0,1.0,202326.9,108930.04115226124,1.8866967846580787,10.0,1.0,463455.3,224984.70202267802,1.6094379124341005,10.0,3.0,755580.2,164413.77182840992,1.6957425341696344,10.0,2.0,572304.3,280653.1032771993,2.0253262207700677,10.0,1.0,2,5.0,0.06666666666666667,2.70805020110221,6,8.0,0.1,2.3025850929940455,0,1.0,0.125,2.0794415416798357,0,6.0,0.15789473684210525,1.845826690498331,2,5.0,0.06666666666666667,2.70805020110221,1.9533195937789465,0.7547306073232636,1.3038825846712214,0
50,136114,564275,717074,955696,Karachi,2012-04-16,545007.0,310029.77354047087,1.8343719702816237,10.0,2.0,243391.7,155835.8658019178,1.8866967846580787,10.0,1.0,465601.1,227532.86822076183,1.4708084763221114,10.0,3.0,752368.2,159616.4473805879,1.6957425341696344,10.0,2.0,545007.0,310029.77354047087,1.8343719702816237,10.0,2.0,4,2.0,0.125,2.0794415416798357,5,6.0,0.36363636363636365,1.0116009116784799,4,0.0,0.16666666666666666,1.791759469228055,6,0.0,0.4,0.916290731874155,4,2.0,0.125,2.0794415416798357,1.931005238647526,0.1484363030323097,0.2612974809943844,0
49,497831,132287,240705,727121,Hyderabad,2012-01-16,515274.8,297373.4391534584,1.6434177197931796,10.0,2.0,245861.8,153624.1466486018,2.0253262207700677,10.0,1.0,466970.8,225972.8800673998,1.5047882836811908,10.0,2.0,745479.3,159009.06243848696,1.8343719702816235,10.0,2.0,515274.8,297373.4391534584,1.6434177197931796,10.0,2.0,1,4.0,0.07692307692307693,2.5649493574615367,7,5.0,0.23076923076923078,1.466337068793427,5,4.0,0.1,2.3025850929940455,1,6.0,0.21052631578947367,1.55814461804655,1,4.0,0.07692307692307693,2.5649493574615367,1.957241665094275,0.6077076923672617,1.0253755426071935,0
48,91805,104437,222097,971078,Rawalpindi,2011-10-17,439159.9,298746.1408778922,1.6957425341696346,10.0,2.0,240757.6,157753.25347741993,2.0253262207700673,10.0,1.0,446744.7,238893.2952698754,1.6957425341696346,10.0,2.0,759650.7,173014.05922515853,1.6957425341696348,10.0,2.0,439159.9,298746.1408778922,1.6957425341696346,10.0,2.0,5,1.0,0.25,1.3862943611198906,7,7.0,0.08333333333333333,2.4849066497880004,7,5.0,0.14285714285714285,1.9459101490553135,8,1.0,0.125,2.0794415416798357,5,1.0,0.25,1.3862943611198906,1.8761486434726418,-0.4898542823527512,-0.8012437123873116,0
47,631507,18906,118503,498478,Faisalabad,2011-07-15,431726.6,292227.0619946834,1.6957425341696346,10.0,2.0,198649.1,154836.0164349152,1.8866967846580787,10.0,1.0,404653.5,257135.5450312147,1.8866967846580787,10.0,1.0,733557.3,191719.48524923937,1.5047882836811908,10.0,2.0,431726.6,292227.0619946834,1.6957425341696346,10.0,2.0,7,5.0,0.3333333333333333,1.0986122886681098,6,7.0,0.16666666666666666,1.791759469228055,3,7.0,0.125,2.0794415416798357,8,8.0,0.125,2.0794415416798357,7,5.0,0.3333333333333333,1.0986122886681098,1.83937616546011,-0.7407638767920002,-1.1419626778640783,0
46,359875,30207,154907,564781,Lahore,2011-04-15,405338.5,284779.4362115083,1.5047882836811908,10.0,2.0,180011.6,163416.75283234168,1.6957425341696348,10.0,2.0,345910.4,237791.49863609462,1.8866967846580782,10.0,1.0,710251.8,197126.43266120675,1.5571130980576455,10.0,2.0,405338.5,284779.4362115083,1.5047882836811908,10.0,2.0,5,7.0,0.2,1.6094379124341003,7,6.0,0.2727272727272727,1.2992829841302609,7,3.0,0.1,2.3025850929940455,1,8.0,0.125,2.0794415416798357,5,7.0,0.2,1.6094379124341003,1.9086908835161047,-0.29925297108200444,-0.523604510702839,0
45,814544,100930,106130,578023,Quetta,2011-01-15,471009.8,296826.90950144303,1.5047882836811908,10.0,2.0,155869.3,154350.24341056278,1.6957425341696348,10.0,2.0,285290.9,209600.390887278,1.8866967846580784,10.0,1.0,683923.3,195250.9220214677,1.7480673485460894,10.0,1.0,471009.8,296826.90950144303,1.5047882836811908,10.0,2.0,4,5.0,0.2,1.6094379124341003,0,7.0,0.16666666666666666,1.791759469228055,0,7.0,0.25,1.3862943611198906,3,1.0,0.25,1.3862943611198906,4,5.0,0.2,1.6094379124341003,1.9086908835161047,-0.29925297108200444,-0.523604510702839,0
44,63600,674133,728217,800841,Karachi,2010-10-15,464715.7,305483.90789625363,1.6434177197931799,10.0,2.0,204563.7,225664.66566914428,1.6957425341696346,10.0,2.0,321203.8,252026.26119108166,1.6957425341696346,10.0,2.0,711143.9,190102.89166217903,1.6957425341696346,10.0,2.0,464715.7,305483.90789625363,1.6434177197931799,10.0,2.0,0,4.0,0.23076923076923078,1.466337068793427,3,0.0,0.42857142857142855,0.8472978603872037,7,0.0,0.16666666666666666,1.791759469228055,1,3.0,0.3,1.2039728043259361,0,4.0,0.23076923076923078,1.466337068793427,1.9166951542834583,-0.4503580854900313,-0.7986412124305676,0
43,453884,39619,537300,578549,Quetta,2010-07-15,438638.7,292637.7803664267,1.6434177197931799,10.0,2.0,199854.8,228865.78372186222,1.8343719702816235,10.0,2.0,316248.4,246652.50093837548,1.6434177197931796,10.0,2.0,682742.3,186141.68257303938,1.6957425341696348,10.0,2.0,438638.7,292637.7803664267,1.6434177197931799,10.0,2.0,4,0.0,0.1,2.3025850929940455,9,3.0,0.2222222222222222,1.5040773967762742,0,7.0,0.25,1.3862943611198906,9,1.0,0.125,2.0794415416798357,4,0.0,0.1,2.3025850929940455,1.9390095094148794,0.3635755835791661,0.6319100715041601,0
42,236824,170344,657678,895430,Multan,2010-04-15,370555.6,243960.67690747962,1.6094379124341003,10.0,3.0,202256.4,228367.154380932,1.834371970281624,10.0,2.0,367309.1,260217.50180546578,1.6434177197931796,10.0,2.0,729805.7,172687.47035938132,1.6957425341696348,10.0,2.0,370555.6,243960.67690747962,1.6094379124341003,10.0,3.0,4,4.0,0.07692307692307693,2.5649493574615367,4,9.0,0.1,2.3025850929940455,8,0.0,0.16666666666666666,1.791759469228055,0,9.0,0.2,1.6094379124341003,4,4.0,0.07692307692307693,2.5649493574615367,1.9390095094148794,0.6259398480466574,1.0879104978465661,0
41,733918,568369,676157,862789,Bahawalpur,2010-01-15,401990.2,269855.844724467,1.6094379124341,10.0,3.0,240350.7,255749.60692705755,1.8343719702816237,10.0,2.0,415876.8,268731.3020074552,1.6094379124341,10.0,3.0,743278.6,177718.56091347226,1.6957425341696346,10.0,2.0,401990.2,269855.844724467,1.6094379124341,10.0,3.0,8,4.0,0.07692307692307693,2.5649493574615367,9,4.0,0.4444444444444444,0.8109302162163288,7,8.0,0.11764705882352941,2.1400661634962708,9,0.0,0.1,2.3025850929940455,8,4.0,0.07692307692307693,2.5649493574615367,1.924699425050812,0.6402499324107247,1.1524705166062614,0
40,414564,39355,247996,622700,Karachi,2009-10-15,429835.2,253226.75364573082,1.6094379124341,10.0,3.0,187858.7,234896.89739167123,1.8343719702816237,10.0,2.0,368969.0,250645.70098935324,1.6094379124341003,10.0,3.0,709979.0,164176.19105772363,1.5571130980576458,10.0,2.0,429835.2,253226.75364573082,1.6094379124341,10.0,3.0,4,8.0,0.25,1.3862943611198906,5,9.0,0.1,2.3025850929940455,6,7.0,0.25,1.3862943611198906,0,9.0,0.2,1.6094379124341003,4,8.0,0.25,1.3862943611198906,1.8553847069948173,-0.4690903458749267,-0.8130891525856019,0
39,103583,355235,578460,878270,Peshawar,2009-07-15,390410.4,271495.451055487,1.6094379124341,10.0,3.0,210153.5,239570.21761862078,1.8866967846580784,10.0,1.0,402744.5,254173.25416654476,1.4184836619456564,10.0,3.0,725093.9,172667.89120830252,1.5571130980576458,10.0,2.0,390410.4,271495.451055487,1.6094379124341,10.0,3.0,3,4.0,0.15384615384615385,1.8718021769015913,5,5.0,0.23076923076923078,1.466337068793427,0,6.0,0.14285714285714285,1.9459101490553135,0,0.0,0.1,2.3025850929940455,3,4.0,0.15384615384615385,1.8718021769015913,1.786069988938823,0.08573218796276838,0.1645079950510548,0
38,972785,172765,491417,806452,Faisalabad,2009-04-15,478508.4,304734.93641932326,1.6094379124341,10.0,3.0,216986.3,237182.5486671254,1.8343719702816237,10.0,2.0,429676.5,247074.51754087355,1.4184836619456564,10.0,3.0,708631.3,153379.9193303636,1.6957425341696346,10.0,2.0,478508.4,304734.93641932326,1.6094379124341,10.0,3.0,5,3.0,0.2222222222222222,1.5040773967762742,5,5.0,0.23076923076923078,1.466337068793427,7,0.0,0.16666666666666666,1.791759469228055,2,0.0,0.2,1.6094379124341003,5,3.0,0.2222222222222222,1.5040773967762742,1.797848292504461,-0.2937708957281868,-0.573367260400172,0
37,249717,221016,657531,899194,Gujranwala,2009-01-15,440329.4,307341.8303186211,1.6094379124341,10.0,3.0,237197.3,226812.61001444925,1.8343719702816237,10.0,2.0,483579.3,229841.96564695376,1.4184836619456564,10.0,3.0,748702.9,144461.06693842774,1.6957425341696346,10.0,2.0,440329.4,307341.8303186211,1.6094379124341,10.0,3.0,7,5.0,0.3333333333333333,1.0986122886681098,6,5.0,0.07692307692307693,2.5649493574615367,1,7.0,0.125,2.0794415416798357,4,2.0,0.18181818181818182,1.7047480922384253,7,5.0,0.3333333333333333,1.0986122886681098,1.7978482925044612,-0.6992360038363514,-1.3647336673669865,0
36,361846,107225,299109,461906,Hyderabad,2008-10-15,440526.5,307285.1283750974,1.7480673485460896,10.0,3.0,244899.1,220214.61193695667,1.6094379124341003,10.0,3.0,497999.5,210652.51842429972,1.6434177197931796,10.0,2.0,738415.4,161653.9062786778,1.8343719702816237,10.0,2.0,440526.5,307285.1283750974,1.7480673485460896,10.0,3.0,6,7.0,0.2,1.6094379124341003,5,6.0,0.36363636363636365,1.0116009116784799,9,1.0,0.125,2.0794415416798357,6,4.0,0.18181818181818182,1.7047480922384253,6,7.0,0.2,1.6094379124341003,1.797848292504461,-0.1884103800703607,-0.36772990457111765,0
35,890862,228284,747388,890826,Bahawalpur,2008-07-15,448158.3,318354.7775719725,1.9730014063936125,10.0,2.0,257634.5,214573.82398515224,1.4708084763221112,10.0,3.0,562125.3,172202.1061660138,1.6957425341696344,10.0,2.0,769695.7,157376.60636197223,1.6957425341696346,10.0,2.0,448158.3,318354.7775719725,1.9730014063936125,10.0,2.0,2,6.0,0.1,2.3025850929940455,4,5.0,0.15384615384615385,1.8718021769015913,8,9.0,0.375,0.9808292530117262,6,6.0,0.21052631578947367,1.55814461804655,2,6.0,0.1,2.3025850929940455,1.8671630105604557,0.4354220824335897,0.8206204202945638,0
34,526400,259084,458975,941542,Muzaffarabad,2008-04-15,494438.3,288476.10591329756,1.9730014063936125,10.0,2.0,216129.6,157650.05788644668,1.2798542258336676,10.0,3.0,535201.1,164210.73670300734,1.8866967846580782,10.0,1.0,783765.8,166495.91587970644,1.5571130980576458,10.0,2.0,494438.3,288476.10591329756,1.9730014063936125,10.0,2.0,0,2.0,0.25,1.3862943611198906,4,4.0,0.1111111111111111,2.1972245773362196,5,8.0,0.23529411764705882,1.4469189829363254,2,6.0,0.05263157894736842,2.9444389791664407,0,2.0,0.25,1.3862943611198906,1.8591587397931022,-0.4728643786732116,-0.8791369540537726,0
33,4596,21100,752073,788284,Quetta,2008-01-15,449509.5,327800.92706676933,2.0253262207700673,10.0,1.0,214277.7,160044.48145302184,1.4184836619456564,10.0,3.0,556678.4,177983.3843407237,2.0253262207700673,10.0,1.0,804739.3,150183.44787777262,1.5571130980576458,10.0,2.0,449509.5,327800.92706676933,2.0253262207700673,10.0,1.0,6,0.0,0.4,0.916290731874155,0,4.0,0.1111111111111111,2.1972245773362196,3,5.0,0.14285714285714285,1.9459101490553135,4,2.0,0.18181818181818182,1.7047480922384253,6,0.0,0.4,0.916290731874155,1.7205293036811131,-0.8042385718069581,-1.3694555850640369,0
32,827184,184300,541249,991249,Islamabad,2007-10-17,508545.5,338235.8551123923,2.0253262207700673,10.0,1.0,215673.3,159679.24094540274,1.470808476322111,10.0,3.0,545035.5,174414.6852547112,2.0253262207700673,10.0,1.0,814321.2,159387.21167145157,1.6094379124341005,10.0,1.0,508545.5,338235.8551123923,2.0253262207700673,10.0,1.0,4,6.0,0.1,2.3025850929940455,0,0.0,0.14285714285714285,1.9459101490553135,9,3.0,0.2,1.6094379124341003,9,4.0,0.09090909090909091,2.3978952727983707,4,6.0,0.1,2.3025850929940455,1.6942928772343637,0.6082922157596817,1.1059203942837041,0
31,248453,89686,673738,910337,Karachi,2007-07-16,459999.0,337131.55383651395,1.8866967846580784,10.0,1.0,167805.0,104372.16605014949,1.3321790402101223,10.0,3.0,544793.6,174214.18569629223,2.0253262207700677,10.0,1.0,819076.0,161686.38167830443,1.7480673485460896,10.0,1.0,459999.0,337131.55383651395,1.8866967846580784,10.0,1.0,3,4.0,0.15384615384615385,1.8718021769015913,6,0.0,0.2857142857142857,1.252762968495368,8,9.0,0.375,0.9808292530117262,7,9.0,0.2,1.6094379124341003,3,4.0,0.15384615384615385,1.8718021769015913,1.6249781591783694,0.24682401772322193,0.5305019928341778,0
30,278416,329447,549604,739416,Peshawar,2007-04-16,446384.2,341885.8776784377,1.8343719702816237,10.0,2.0,196814.2,105016.05074759858,1.5571130980576458,10.0,2.0,574954.4,139838.3306601671,2.0253262207700677,10.0,1.0,830747.6,149704.26177426582,1.6957425341696344,10.0,2.0,446384.2,341885.8776784377,1.8343719702816237,10.0,2.0,6,3.0,0.1111111111111111,2.1972245773362196,7,6.0,0.2727272727272727,1.2992829841302609,4,8.0,0.17647058823529413,1.7346010553881064,6,7.0,0.3333333333333333,1.0986122886681098,6,3.0,0.1111111111111111,2.1972245773362196,1.7060711808000022,0.49115339653621737,1.0041960437620665,0
29,829275,227759,447759,842059,Lahore,2007-01-15,518953.4,338034.0867625303,1.8343719702816237,10.0,2.0,184066.6,90363.92836647929,1.7480673485460891,10.0,1.0,561884.3,145468.94815889592,1.834371970281624,10.0,2.0,827126.5,148862.62853028145,1.5571130980576458,10.0,2.0,518953.4,338034.0867625303,1.8343719702816237,10.0,2.0,5,6.0,0.2,1.6094379124341003,9,7.0,0.08333333333333333,2.4849066497880004,9,4.0,0.1,2.3025850929940455,9,6.0,0.15789473684210525,1.845826690498331,5,6.0,0.2,1.6094379124341003,1.6798347543532532,-0.07039684191915296,-0.14477447927127107,0
28,100754,64496,370711,555496,Multan,2006-10-16,431750.3,319945.69067371084,1.8343719702816237,10.0,2.0,173239.7,98029.44032511627,1.6957425341696344,10.0,2.0,549813.7,156551.56421593344,1.6957425341696348,10.0,2.0,802030.9,172078.3225236245,1.4708084763221114,10.0,3.0,431750.3,319945.69067371084,1.8343719702816237,10.0,2.0,4,5.0,0.2,1.6094379124341003,6,9.0,0.3,1.2039728043259361,1,9.0,0.25,1.3862943611198906,6,9.0,0.1,2.3025850929940455,4,5.0,0.2,1.6094379124341003,1.6903708059190357,-0.08093289348493538,-0.16751024905580003,0
27,598906,62192,598996,599866,Hyderabad,2006-07-15,466669.2,316911.97775260365,1.6094379124341005,10.0,3.0,157357.3,102205.92017539871,1.8866967846580782,10.0,1.0,543960.2,153133.4848416025,1.834371970281624,10.0,2.0,772098.1,179186.0595318299,1.3592367006650063,10.0,4.0,466669.2,316911.97775260365,1.6094379124341005,10.0,3.0,6,4.0,0.07692307692307693,2.5649493574615367,2,6.0,0.09090909090909091,2.3978952727983707,6,1.0,0.25,1.3862943611198906,6,6.0,0.21052631578947367,1.55814461804655,6,4.0,0.07692307692307693,2.5649493574615367,1.8370045127983787,0.727944844663158,1.439784804630676,0
26,503970,158323,168721,823476,Muzaffarabad,2006-04-15,480881.6,314868.99181730254,1.6957425341696346,10.0,2.0,162467.1,100687.10365555472,1.8866967846580784,10.0,1.0,530921.4,179567.69742863602,1.8866967846580787,10.0,1.0,808255.1,142328.28195208928,1.3592367006650063,10.0,4.0,480881.6,314868.99181730254,1.6957425341696346,10.0,2.0,0,6.0,0.2,1.6094379124341003,3,2.0,0.3333333333333333,1.0986122886681098,1,6.0,0.07142857142857142,2.639057329615259,6,6.0,0.21052631578947367,1.55814461804655,0,6.0,0.2,1.6094379124341003,1.8370045127983787,-0.22756660036427845,-0.4500985694837387,0
25,486101,202058,480801,939236,Quetta,2006-01-15,440405.5,280444.58852814813,1.6957425341696346,10.0,2.0,159844.5,99111.51425008307,2.0253262207700673,10.0,1.0,504262.7,162872.96493555928,1.8343719702816237,10.0,2.0,813096.1,146218.91822382133,1.3592367006650063,10.0,4.0,440405.5,280444.58852814813,1.6957425341696346,10.0,2.0,1,0.0,0.1,2.3025850929940455,8,3.0,0.2222222222222222,1.5040773967762742,1,1.0,0.125,2.0794415416798357,6,6.0,0.21052631578947367,1.55814461804655,1,0.0,0.1,2.3025850929940455,1.8370045127983787,0.4655805801956667,0.9208607624758156,0
24,655937,254038,255838,778454,Quetta,2005-10-15,453359.2,287754.3889302513,1.8343719702816237,10.0,2.0,159339.9,98561.44230484396,1.8866967846580782,10.0,1.0,483949.0,180827.05552359478,1.6957425341696348,10.0,2.0,796787.3,139228.71060480972,1.2206072645530175,10.0,4.0,453359.2,287754.3889302513,1.8343719702816237,10.0,2.0,7,1.0,0.25,1.3862943611198906,8,8.0,0.4,0.916290731874155,8,1.0,0.125,2.0794415416798357,4,6.0,0.10526315789473684,2.2512917986064953,7,1.0,0.25,1.3862943611198906,1.8370045127983783,-0.4507101516784877,-0.8914488953895281,0
23,966519,168700,185006,756162,Bahawalpur,2005-07-15,549551.5,281787.6032299073,2.0253262207700673,10.0,1.0,174099.9,85782.66252111255,1.8866967846580782,10.0,1.0,427242.3,176259.2017166443,1.5571130980576458,10.0,2.0,793575.1,139816.00262523626,1.3592367006650063,10.0,4.0,549551.5,281787.6032299073,2.0253262207700673,10.0,1.0,9,7.0,0.3,1.2039728043259361,0,8.0,0.1,2.3025850929940455,6,8.0,0.11764705882352941,2.1400661634962708,2,4.0,0.36363636363636365,1.0116009116784799,9,7.0,0.3,1.2039728043259361,1.8657727200435565,-0.6617999157176204,-1.461530502649167,0
22,199338,288233,543806,836940,Faisalabad,2005-04-15,486766.9,282997.6267197112,2.163955656882057,10.0,1.0,184493.2,93136.75866380565,1.8866967846580782,10.0,1.0,427498.0,176444.7254952976,1.504788283681191,10.0,2.0,778144.2,123090.32292209944,1.4978661367769954,10.0,4.0,486766.9,282997.6267197112,2.163955656882057,10.0,1.0,8,9.0,0.125,2.0794415416798357,3,0.0,0.42857142857142855,0.8472978603872037,6,6.0,0.07142857142857142,2.639057329615259,0,2.0,0.18181818181818182,1.7047480922384253,8,9.0,0.125,2.0794415416798357,1.8434583649121357,0.2359831767677001,0.5437365113098375,0
21,266315,147474,554020,579962,Islamabad,2005-01-15,488553.1,281378.0633352968,2.0253262207700673,10.0,1.0,190272.0,88266.12099025676,2.0253262207700673,10.0,1.0,415526.2,161291.69894173386,1.6434177197931796,10.0,2.0,745106.7,127909.48724091322,1.3592367006650063,10.0,4.0,488553.1,281378.0633352968,2.0253262207700673,10.0,1.0,5,8.0,0.5,0.6931471805599453,4,3.0,0.2222222222222222,1.5040773967762742,0,6.0,0.14285714285714285,1.9459101490553135,2,0.0,0.2,1.6094379124341003,5,8.0,0.5,0.6931471805599453,1.7255928652779708,-1.0324456847180254,-1.8255304490572302,0
20,278995,63572,279703,800636,Bahawalpur,2004-10-15,488611.0,281330.0737749562,1.9730014063936125,10.0,2.0,163684.5,81467.39691741706,1.8866967846580787,10.0,1.0,388536.1,158927.49554186928,1.6434177197931796,10.0,2.0,751228.7,129066.67638950553,1.3592367006650063,10.0,4.0,488611.0,281330.0737749562,1.9730014063936125,10.0,2.0,5,5.0,0.06666666666666667,2.70805020110221,2,4.0,0.1111111111111111,2.1972245773362196,3,0.0,0.16666666666666666,1.791759469228055,6,2.0,0.18181818181818182,1.7047480922384253,5,5.0,0.06666666666666667,2.70805020110221,1.77667542765457,0.9313747734476401,1.4735730655239918,0
19,849614,348514,611986,742214,Lahore,2004-07-15,490644.9,284126.21047557576,2.0253262207700673,10.0,1.0,175760.0,99068.24604057313,1.7480673485460896,10.0,1.0,404958.8,173540.57954060394,1.4184836619456562,10.0,3.0,741244.2,125059.13339234542,1.2206072645530175,10.0,4.0,490644.9,284126.21047557576,2.0253262207700673,10.0,1.0,4,5.0,0.2,1.6094379124341003,4,2.0,0.1111111111111111,2.1972245773362196,6,3.0,0.2,1.6094379124341003,4,6.0,0.10526315789473684,2.2512917986064953,4,5.0,0.2,1.6094379124341003,1.77667542765457,-0.1672375152204697,-0.26459455956898636,0
18,437687,265659,543274,758006,Multan,2004-04-15,524338.2,250773.5968588224,2.0253262207700673,10.0,1.0,195876.3,94272.74474163887,1.7480673485460898,10.0,1.0,422215.1,178271.75839615025,1.6094379124341003,10.0,3.0,761495.2,106685.21491315794,1.2206072645530175,10.0,4.0,524338.2,250773.5968588224,2.0253262207700673,10.0,1.0,7,4.0,0.07692307692307693,2.5649493574615367,9,4.0,0.4444444444444444,0.8109302162163288,4,6.0,0.14285714285714285,1.9459101490553135,6,4.0,0.18181818181818182,1.7047480922384253,7,4.0,0.07692307692307693,2.5649493574615367,1.8722265721573137,0.692722785304223,1.026645424851372,0
17,647006,467876,571871,700230,Hyderabad,2004-01-15,529148.2,252815.7526943289,2.0253262207700673,10.0,1.0,236444.7,115296.98249790499,1.8866967846580782,10.0,1.0,419502.6,175467.37709215298,1.6434177197931796,10.0,2.0,771531.6,93724.03279984654,1.3321790402101223,10.0,3.0,529148.2,252815.7526943289,2.0253262207700673,10.0,1.0,6,7.0,0.2,1.6094379124341003,6,9.0,0.3,1.2039728043259361,1,4.0,0.2,1.6094379124341003,0,6.0,0.15789473684210525,1.845826690498331,6,7.0,0.2,1.6094379124341003,1.77667542765457,-0.1672375152204697,-0.26459455956898636,0
16,867220,577084,673464,870074,Quetta,2003-10-15,565473.2,274004.4174914786,2.0253262207700673,10.0,1.0,278320.8,153491.4412161871,1.8343719702816235,10.0,2.0,469976.9,167739.0950252136,1.6957425341696346,10.0,2.0,776191.4,97668.93937310221,1.366158847569202,10.0,2.0,565473.2,274004.4174914786,2.0253262207700673,10.0,1.0,0,6.0,0.2,1.6094379124341003,4,6.0,0.09090909090909091,2.3978952727983707,4,1.0,0.125,2.0794415416798357,4,0.0,0.2,1.6094379124341003,0,6.0,0.2,1.6094379124341003,1.77667542765457,-0.1672375152204697,-0.26459455956898636,0
15,70763,76767,124174,141175,Karachi,2003-07-15,523939.4,315681.53039106436,2.0253262207700673,10.0,1.0,265791.7,165084.06575711656,1.9730014063936125,10.0,2.0,434314.2,199992.17728967924,1.6434177197931799,10.0,2.0,696385.3,210508.68184051997,1.5571130980576458,10.0,2.0,523939.4,315681.53039106436,2.0253262207700673,10.0,1.0,3,0.0,0.2,1.6094379124341003,7,4.0,0.1111111111111111,2.1972245773362196,4,4.0,0.1,2.3025850929940455,5,4.0,0.09090909090909091,2.3978952727983707,3,0.0,0.2,1.6094379124341003,1.7073607095985757,-0.09792279716447538,-0.1617448269233886,0
14,849918,7621,211036,251036,Islamabad,2003-04-15,543337.5,330314.5430388201,2.0253262207700677,10.0,1.0,241150.0,184305.47287587525,1.9730014063936125,10.0,2.0,429834.0,204876.79698947485,1.4184836619456567,10.0,3.0,643643.5,250024.19860452146,1.5571130980576458,10.0,2.0,543337.5,330314.5430388201,2.0253262207700677,10.0,1.0,8,3.0,0.1111111111111111,2.1972245773362196,1,7.0,0.16666666666666666,1.791759469228055,6,4.0,0.2,1.6094379124341003,6,5.0,0.5,0.6931471805599453,8,3.0,0.1111111111111111,2.1972245773362196,1.7884537312202085,0.4087708461160111,0.6680277239494959,0
13,406685,172128,176588,343231,Peshawar,2003-01-15,487354.1,296314.2455691443,1.8343719702816237,10.0,2.0,241492.8,184158.876110819,1.9730014063936125,10.0,2.0,428992.2,206008.68864136084,1.6434177197931799,10.0,2.0,602350.4,263131.7699532135,1.6957425341696346,10.0,2.0,487354.1,296314.2455691443,1.8343719702816237,10.0,2.0,5,8.0,0.5,0.6931471805599453,8,1.0,0.2222222222222222,1.5040773967762742,8,6.0,0.21428571428571427,1.540445040947149,1,6.0,0.21052631578947367,1.55814461804655,5,8.0,0.5,0.6931471805599453,1.7373711688436093,-1.044223988283664,-1.5282497869297533,0
12,195989,618612,753979,826024,Lahore,2002-10-15,487019.2,296677.60564169474,1.9730014063936125,10.0,2.0,274530.7,219684.0259205884,1.8343719702816235,10.0,2.0,450009.5,228515.29505641863,1.8343719702816237,10.0,2.0,601258.8,262070.94845810955,1.6434177197931799,10.0,2.0,487019.2,296677.60564169474,1.9730014063936125,10.0,2.0,9,5.0,0.13333333333333333,2.0149030205422647,2,8.0,0.2,1.6094379124341003,9,8.0,0.058823529411764705,2.833213344056216,4,1.0,0.125,2.0794415416798357,9,5.0,0.13333333333333333,2.0149030205422647,1.7309173167298522,0.2839857038124125,0.41763350375228553,0
11,227713,717713,720841,757843,Multan,2002-07-15,483159.0,300099.75475276005,2.0253262207700677,10.0,1.0,331554.6,254318.1593351131,2.0253262207700673,10.0,1.0,466691.6,242606.62108542866,1.6957425341696346,10.0,2.0,619046.9,266464.82594954636,1.6434177197931799,10.0,2.0,483159.0,300099.75475276005,2.0253262207700677,10.0,1.0,3,9.0,0.125,2.0794415416798357,3,2.0,0.3333333333333333,1.0986122886681098,1,9.0,0.25,1.3862943611198906,3,4.0,0.18181818181818182,1.7047480922384253,3,9.0,0.125,2.0794415416798357,1.8695467528418415,0.20989478883799428,0.36271682205962885,0
10,256287,290566,443286,533336,Bahawalpur,2002-04-15,480888.2,301896.8119123561,2.0253262207700677,10.0,1.0,354254.0,237302.50252274107,2.0253262207700677,10.0,1.0,483049.9,233958.42440316398,1.5047882836811908,10.0,2.0,592316.9,259541.981051856,1.6434177197931799,10.0,2.0,480888.2,301896.8119123561,2.0253262207700677,10.0,1.0,7,3.0,0.1111111111111111,2.1972245773362196,6,3.0,0.1111111111111111,2.1972245773362196,6,1.0,0.25,1.3862943611198906,6,3.0,0.1,2.3025850929940455,7,3.0,0.1111111111111111,2.1972245773362196,1.8184641904652423,0.37876038687097724,0.7346975767152716,0
9,594970,172647,178159,178931,Hyderabad,2002-01-15,455423.8,277057.30458549154,1.8866967846580782,10.0,1.0,336667.3,244191.9859482379,2.0253262207700677,10.0,1.0,439667.2,247238.58373140497,1.5571130980576458,10.0,2.0,535988.6,283421.2309299039,1.6957425341696346,10.0,2.0,455423.8,277057.30458549154,1.8866967846580782,10.0,1.0,0,7.0,0.1,2.3025850929940455,7,6.0,0.2727272727272727,1.2992829841302609,9,6.0,0.07142857142857142,2.639057329615259,1,6.0,0.21052631578947367,1.55814461804655,0,7.0,0.1,2.3025850929940455,1.887778908521237,0.41480618447280837,0.7816492159219404,0
8,740883,32401,117883,421075,Gujranwala,2001-10-15,485743.4,291133.0985355897,1.8343719702816237,10.0,2.0,313341.5,262204.8408745642,1.8866967846580784,10.0,1.0,397128.1,263493.03335612285,1.7480673485460894,10.0,1.0,502295.5,273964.6179431239,1.7480673485460894,10.0,1.0,485743.4,291133.0985355897,1.8343719702816237,10.0,2.0,3,0.0,0.2,1.6094379124341003,1,7.0,0.16666666666666666,1.791759469228055,3,9.0,0.125,2.0794415416798357,5,1.0,0.125,2.0794415416798357,3,0.0,0.2,1.6094379124341003,1.7922277640184934,-0.1827898515843931,-0.38186219814144917,0
7,410853,281299,281925,668153,Sukkur,2001-07-16,462128.1,286133.7005820298,1.6094379124341,10.0,3.0,294683.8,256564.29119025028,2.0253262207700673,10.0,1.0,368133.5,258023.90339365794,1.8866967846580784,10.0,1.0,499087.8,271566.9055245455,1.6094379124341005,10.0,1.0,462128.1,286133.7005820298,1.6094379124341,10.0,3.0,3,3.0,0.1111111111111111,2.1972245773362196,9,1.0,0.1111111111111111,2.1972245773362196,5,3.0,0.2,1.6094379124341003,3,5.0,0.16666666666666666,1.791759469228055,3,3.0,0.1111111111111111,2.1972245773362196,1.8510064305087048,0.34621814682751473,0.7069975106834379,0
6,786880,208018,332281,429055,Quetta,2001-04-16,454094.1,274382.4073213029,1.6094379124341,10.0,3.0,257777.2,237245.12319530523,1.8866967846580782,10.0,1.0,334015.2,234664.08996681884,1.8866967846580784,10.0,1.0,454985.9,238411.71537090951,1.5571130980576458,10.0,2.0,454094.1,274382.4073213029,1.6094379124341,10.0,3.0,0,3.0,0.1111111111111111,2.1972245773362196,8,9.0,0.2,1.6094379124341003,1,5.0,0.14285714285714285,1.9459101490553135,5,3.0,0.1,2.3025850929940455,0,3.0,0.1111111111111111,2.1972245773362196,1.9097850969989172,0.2874394803373024,0.5833357021446147,0
5,677216,195498,404323,677256,Muzaffarabad,2001-01-15,514739.4,245771.68152087834,1.8343719702816237,10.0,2.0,269650.3,230041.43045501367,1.8343719702816235,10.0,2.0,362030.1,223275.27289645985,1.7480673485460894,10.0,1.0,508594.0,219532.2671231313,1.5571130980576458,10.0,2.0,514739.4,245771.68152087834,1.8343719702816237,10.0,2.0,6,0.0,0.4,0.916290731874155,8,8.0,0.4,0.916290731874155,3,1.0,0.125,2.0794415416798357,6,5.0,0.5,0.6931471805599453,6,0.0,0.4,0.916290731874155,1.8404703789429224,-0.9241796470687674,-1.5917283598012935,0
4,548378,301073,472750,578505,Lahore,2000-10-16,484585.4,216878.79341297233,1.8343719702816237,10.0,2.0,298995.5,210815.39104642134,1.8343719702816235,10.0,2.0,388201.5,218905.58178368892,1.8866967846580784,10.0,1.0,541340.9,200437.73672609028,1.5571130980576458,10.0,2.0,484585.4,216878.79341297233,1.8343719702816237,10.0,2.0,8,6.0,0.1,2.3025850929940455,3,8.0,0.1,2.3025850929940455,0,3.0,0.2,1.6094379124341003,5,6.0,0.05263157894736842,2.9444389791664407,8,6.0,0.1,2.3025850929940455,1.8510064305087053,0.4515786624853402,0.7670691393248189,0
3,941694,248225,267064,609209,Hyderabad,2000-07-15,538086.3,257678.5327487851,1.8343719702816237,10.0,2.0,306605.2,207067.18386166357,2.0253262207700673,10.0,1.0,397249.1,210911.33300009638,1.8866967846580787,10.0,1.0,567938.7,188521.05500037735,1.6957425341696344,10.0,2.0,538086.3,257678.5327487851,1.8343719702816237,10.0,2.0,4,8.0,0.25,1.3862943611198906,5,3.0,0.1111111111111111,2.1972245773362196,4,0.0,0.16666666666666666,1.791759469228055,9,5.0,0.16666666666666666,1.791759469228055,4,8.0,0.25,1.3862943611198906,1.9203211485646996,-0.534026787444809,-1.148318410445695,0
2,752300,38121,338558,367788,Peshawar,2000-04-17,593717.4,234637.49579212622,1.6434177197931799,10.0,2.0,248556.1,190592.61673553885,1.8866967846580782,10.0,1.0,355707.0,169732.88702219323,2.0253262207700677,10.0,1.0,522115.1,173946.3362556577,1.6957425341696346,10.0,2.0,593717.4,234637.49579212622,1.6434177197931799,10.0,2.0,0,4.0,0.23076923076923078,1.466337068793427,1,5.0,0.23076923076923078,1.466337068793427,8,4.0,0.1,2.3025850929940455,8,9.0,0.2,1.6094379124341003,0,4.0,0.23076923076923078,1.466337068793427,1.8654645533898158,-0.3991274845963888,-0.8236260525708288,0
1,367030,211403,527674,676693,Islamabad,2000-01-15,607649.1,213692.3603207035,1.6094379124341,10.0,3.0,197925.1,95781.62918204446,1.8866967846580782,10.0,1.0,336390.3,129872.47530477191,2.0253262207700673,10.0,1.0,514000.1,163293.90787809461,1.6957425341696346,10.0,2.0,607649.1,213692.3603207035,1.6094379124341,10.0,3.0,0,0.0,0.1,2.3025850929940455,3,1.0,0.2222222222222222,1.5040773967762742,4,8.0,0.17647058823529413,1.7346010553881064,3,8.0,0.25,1.3862943611198906,0,0.0,0.1,2.3025850929940455,1.8877789085212366,0.4148061844728088,0.8289080335649496,0
